{"initial_reset_timestamp": 5280.084689541, "timestamps": [5284.572464166, 5287.540357958, 5287.607908833, 5287.614953875, 5287.621706458, 5287.628384875, 5287.63506625, 5287.641741958, 5290.415917791, 5290.483817416, 5290.490864166, 5290.497589708, 5290.504274916, 5290.510934541, 5290.517618791, 5290.524274125, 5290.530917166, 5290.537556, 5290.544202333, 5290.550839125, 5290.557494375, 5290.564145916, 5290.570800291, 5290.57744725, 5290.5840865, 5290.590736791, 5290.597379666, 5293.363587208, 5293.431345333, 5293.438472541, 5293.445257541, 5293.451993875, 5293.458741083, 5293.465486958, 5293.472229916, 5293.478941, 5293.4856255, 5293.49227175, 5293.498990125, 5293.505779166, 5293.512498083, 5293.519250375, 5293.525939916, 5293.532662708, 5293.539409083, 5293.546142125, 5293.552862791, 5293.559589666, 5293.566312916, 5293.573055916, 5293.579788916, 5293.586522458, 5293.593217333, 5293.599898541, 5293.606647416, 5293.613368708, 5293.620081291, 5293.626743083, 5293.633408125, 5293.640111375, 5293.646801541, 5293.653490541, 5293.660204333, 5293.666906916, 5296.560228416, 5296.630393083, 5296.637431083, 5296.644224458, 5296.650943916, 5296.657655083, 5296.664367125, 5296.67107825, 5296.677787291, 5296.684520833, 5296.691246083, 5296.697976583, 5296.704701416, 5296.711409833, 5296.718102583, 5296.724927208, 5296.731729, 5296.738623416, 5296.745375375, 5296.752093916, 5296.758799791, 5296.76549575, 5296.7721915, 5296.778860291, 5296.7855505, 5296.7922805, 5296.79894625, 5296.805626, 5296.812330208, 5296.819034333, 5296.825772625, 5296.832504333, 5296.839223, 5296.845922666, 5296.852619375, 5296.859350916], "episode_lengths": [200, 200, 200, 200, 200, 200, 200, 200, 200, 200, 200, 200, 200, 200, 200, 200, 200, 200, 200, 200, 200, 200, 200, 200, 200, 200, 200, 200, 200, 200, 200, 200, 200, 200, 200, 200, 200, 200, 200, 200, 200, 200, 200, 200, 200, 200, 200, 200, 200, 200, 200, 200, 200, 200, 200, 200, 200, 200, 200, 200, 200, 200, 200, 200, 200, 200, 200, 200, 200, 200, 200, 200, 200, 200, 200, 200, 200, 200, 200, 200, 200, 200, 200, 200, 200, 200, 200, 200, 200, 200, 200, 200, 200, 200, 200, 200, 200, 200, 200, 200], "episode_rewards": [200.0, 200.0, 200.0, 200.0, 200.0, 200.0, 200.0, 200.0, 200.0, 200.0, 200.0, 200.0, 200.0, 200.0, 200.0, 200.0, 200.0, 200.0, 200.0, 200.0, 200.0, 200.0, 200.0, 200.0, 200.0, 200.0, 200.0, 200.0, 200.0, 200.0, 200.0, 200.0, 200.0, 200.0, 200.0, 200.0, 200.0, 200.0, 200.0, 200.0, 200.0, 200.0, 200.0, 200.0, 200.0, 200.0, 200.0, 200.0, 200.0, 200.0, 200.0, 200.0, 200.0, 200.0, 200.0, 200.0, 200.0, 200.0, 200.0, 200.0, 200.0, 200.0, 200.0, 200.0, 200.0, 200.0, 200.0, 200.0, 200.0, 200.0, 200.0, 200.0, 200.0, 200.0, 200.0, 200.0, 200.0, 200.0, 200.0, 200.0, 200.0, 200.0, 200.0, 200.0, 200.0, 200.0, 200.0, 200.0, 200.0, 200.0, 200.0, 200.0, 200.0, 200.0, 200.0, 200.0, 200.0, 200.0, 200.0, 200.0], "episode_types": ["t", "t", "t", "t", "t", "t", "t", "t", "t", "t", "t", "t", "t", "t", "t", "t", "t", "t", "t", "t", "t", "t", "t", "t", "t", "t", "t", "t", "t", "t", "t", "t", "t", "t", "t", "t", "t", "t", "t", "t", "t", "t", "t", "t", "t", "t", "t", "t", "t", "t", "t", "t", "t", "t", "t", "t", "t", "t", "t", "t", "t", "t", "t", "t", "t", "t", "t", "t", "t", "t", "t", "t", "t", "t", "t", "t", "t", "t", "t", "t", "t", "t", "t", "t", "t", "t", "t", "t", "t", "t", "t", "t", "t", "t", "t", "t", "t", "t", "t", "t"]}